{
    "name": "root",
    "gauges": {
        "RollerAgent.Policy.Entropy.mean": {
            "value": 1.4010181427001953,
            "min": 1.4010181427001953,
            "max": 1.4089245796203613,
            "count": 2
        },
        "RollerAgent.Policy.Entropy.sum": {
            "value": 13763.6025390625,
            "min": 13763.6025390625,
            "max": 14742.986328125,
            "count": 2
        },
        "RollerAgent.Environment.EpisodeLength.mean": {
            "value": 14.033182503770739,
            "min": 14.033182503770739,
            "max": 15.323577235772358,
            "count": 2
        },
        "RollerAgent.Environment.EpisodeLength.sum": {
            "value": 9304.0,
            "min": 9304.0,
            "max": 9424.0,
            "count": 2
        },
        "RollerAgent.Step.mean": {
            "value": 19980.0,
            "min": 9992.0,
            "max": 19980.0,
            "count": 2
        },
        "RollerAgent.Step.sum": {
            "value": 19980.0,
            "min": 9992.0,
            "max": 19980.0,
            "count": 2
        },
        "RollerAgent.Policy.ExtrinsicValueEstimate.mean": {
            "value": 0.824025571346283,
            "min": 0.4917362332344055,
            "max": 0.824025571346283,
            "count": 2
        },
        "RollerAgent.Policy.ExtrinsicValueEstimate.sum": {
            "value": 552.921142578125,
            "min": 304.3847351074219,
            "max": 552.921142578125,
            "count": 2
        },
        "RollerAgent.Environment.CumulativeReward.mean": {
            "value": 0.8823529411764706,
            "min": 0.5423452768729642,
            "max": 0.8823529411764706,
            "count": 2
        },
        "RollerAgent.Environment.CumulativeReward.sum": {
            "value": 585.0,
            "min": 333.0,
            "max": 585.0,
            "count": 2
        },
        "RollerAgent.Policy.ExtrinsicReward.mean": {
            "value": 0.8823529411764706,
            "min": 0.5423452768729642,
            "max": 0.8823529411764706,
            "count": 2
        },
        "RollerAgent.Policy.ExtrinsicReward.sum": {
            "value": 585.0,
            "min": 333.0,
            "max": 585.0,
            "count": 2
        },
        "RollerAgent.Losses.PolicyLoss.mean": {
            "value": 0.2416271857383067,
            "min": 0.2385238480451485,
            "max": 0.2416271857383067,
            "count": 2
        },
        "RollerAgent.Losses.PolicyLoss.sum": {
            "value": 21.26319234497099,
            "min": 20.75157477992792,
            "max": 21.26319234497099,
            "count": 2
        },
        "RollerAgent.Losses.ValueLoss.mean": {
            "value": 0.03609406985448104,
            "min": 0.03609406985448104,
            "max": 0.07908706926666512,
            "count": 2
        },
        "RollerAgent.Losses.ValueLoss.sum": {
            "value": 3.1762781471943313,
            "min": 3.1762781471943313,
            "max": 6.880575026199866,
            "count": 2
        },
        "RollerAgent.Policy.LearningRate.mean": {
            "value": 0.00029096293937599086,
            "min": 0.00029096293937599086,
            "max": 0.000297007476859577,
            "count": 2
        },
        "RollerAgent.Policy.LearningRate.sum": {
            "value": 0.025604738665087196,
            "min": 0.025604738665087196,
            "max": 0.0258396504867832,
            "count": 2
        },
        "RollerAgent.Policy.Epsilon.mean": {
            "value": 0.19698764545454542,
            "min": 0.19698764545454542,
            "max": 0.19900249195402306,
            "count": 2
        },
        "RollerAgent.Policy.Epsilon.sum": {
            "value": 17.334912799999998,
            "min": 17.313216800000006,
            "max": 17.334912799999998,
            "count": 2
        },
        "RollerAgent.Policy.Beta.mean": {
            "value": 0.0004852394627272728,
            "min": 0.0004852394627272728,
            "max": 0.0004951122105747126,
            "count": 2
        },
        "RollerAgent.Policy.Beta.sum": {
            "value": 0.042701072720000004,
            "min": 0.042701072720000004,
            "max": 0.04307476232,
            "count": 2
        },
        "RollerAgent.IsTraining.mean": {
            "value": 1.0,
            "min": 1.0,
            "max": 1.0,
            "count": 2
        },
        "RollerAgent.IsTraining.sum": {
            "value": 1.0,
            "min": 1.0,
            "max": 1.0,
            "count": 2
        }
    },
    "metadata": {
        "timer_format_version": "0.1.0",
        "start_time_seconds": "1734206589",
        "python_version": "3.6.13 |Anaconda, Inc.| (default, Mar 16 2021, 11:37:27) [MSC v.1916 64 bit (AMD64)]",
        "command_line_arguments": "C:\\Myprograms\\anaconda3\\envs\\TestAgent\\Scripts\\mlagents-learn rollerball_config.yaml --run-id=RollerAgent --force",
        "mlagents_version": "0.28.0",
        "mlagents_envs_version": "0.28.0",
        "communication_protocol_version": "1.5.0",
        "pytorch_version": "1.7.1+cu110",
        "numpy_version": "1.19.5",
        "end_time_seconds": "1734206657"
    },
    "total": 68.76314690000001,
    "count": 1,
    "self": 0.003559899999999061,
    "children": {
        "run_training.setup": {
            "total": 0.0882931,
            "count": 1,
            "self": 0.0882931
        },
        "TrainerController.start_learning": {
            "total": 68.67129390000001,
            "count": 1,
            "self": 0.03166870000012523,
            "children": {
                "TrainerController._reset_env": {
                    "total": 12.296997699999999,
                    "count": 1,
                    "self": 12.296997699999999
                },
                "TrainerController.advance": {
                    "total": 56.23865689999989,
                    "count": 1970,
                    "self": 0.02730869999999186,
                    "children": {
                        "env_step": {
                            "total": 15.754446200000006,
                            "count": 1970,
                            "self": 13.655748600000141,
                            "children": {
                                "SubprocessEnvManager._take_step": {
                                    "total": 2.083683000000013,
                                    "count": 1970,
                                    "self": 0.04287020000007047,
                                    "children": {
                                        "TorchPolicy.evaluate": {
                                            "total": 2.0408127999999426,
                                            "count": 737,
                                            "self": 0.5173934999998782,
                                            "children": {
                                                "TorchPolicy.sample_actions": {
                                                    "total": 1.5234193000000644,
                                                    "count": 737,
                                                    "self": 1.5234193000000644
                                                }
                                            }
                                        }
                                    }
                                },
                                "workers": {
                                    "total": 0.015014599999851441,
                                    "count": 1969,
                                    "self": 0.0,
                                    "children": {
                                        "worker_root": {
                                            "total": 53.50317320000015,
                                            "count": 1969,
                                            "is_parallel": true,